employee_id,last_name,first_name,department,salary
12417,Moore,Mary,Logistics,100810.64
468,Walker,Liam,Logistics,78812.01
15188,Green,Isabella,Research & Development,120915.77
283,Hill,Aiden,Operations,74880.24
2179,Johnson,Mary,Legal,30419.52
3668,Martin,Sarah,Legal,56719.86
9367,Flores,Charles,Legal,49434.39
11765,Brown,Liam,Research & Development,38239.91
1060,Thomas,Patricia,Marketing,92905.2
1932,Flores,Susan,Sales,111042.45
2779,Rodriguez,Thomas,Logistics,132393.65
392,Garcia,Amelia,Sales,49928.9
11009,Taylor,Karen,Customer Support,46144.0
12001,Ramirez,Olivia,Finance,87497.21
7782,Taylor,Michael,Sales,127639.72
9368,Lee,Harper,Customer Support,83502.68
3382,White,Lucas,Engineering,62635.89
9619,Brown,Charlotte,Sales,90873.06
10973,Moore,Mary,Customer Support,133212.39
14981,Davis,William,Sales,100227.09
2746,Rodriguez,Amelia,Legal,60434.33
4294,Williams,William,Operations,30367.71
10562,Davis,Karen,Finance,93239.5
12833,Lee,Charles,Operations,62923.97
14239,Miller,Joseph,Sales,54302.73
13793,Miller,Mason,Finance,105509.98
3481,Flores,Amelia,Finance,116900.11
4879,Robinson,Elizabeth,Finance,64655.85
5622,Miller,Linda,Legal,56032.14
9058,Moore,Charles,Research & Development,51008.01
10902,Wilson,Lucas,IT,147761.31
9752,Scott,Susan,Engineering,145888.16
1902,Smith,Thomas,Human Resources,55607.34
230,Hill,Lucas,Human Resources,109211.15
13495,Moore,Joseph,Marketing,36553.51
1998,Ramirez,Amelia,Finance,118230.93
9439,Scott,Noah,Operations,71647.48
14206,Harris,Aiden,Customer Support,60311.51
416,Wright,Michael,Engineering,40280.31
7539,Young,Noah,Marketing,142709.47
3561,Wright,Elizabeth,IT,84393.46
12787,Wright,Thomas,Customer Support,139708.05
10146,Moore,Ethan,Product Management,116938.88
7642,Lewis,Karen,Operations,71231.59
11017,Moore,Ethan,Finance,60800.87
133,Davis,Patricia,Research & Development,86217.29
2696,Williams,John,Logistics,120218.22
13225,Lee,Susan,Legal,58561.83
6244,Sanchez,Joseph,Product Management,51534.26
3519,King,Mia,IT,138928.46
2665,Robinson,Emma,Engineering,102921.45
14212,Davis,James,Customer Support,109354.13
8724,Garcia,John,Research & Development,123127.12
6471,Anderson,Patricia,IT,49330.69
12713,Clark,Olivia,Logistics,141473.41
1516,Jones,Mary,Research & Development,79400.64
420,Smith,Elizabeth,Marketing,93179.52
10650,Lewis,Isabella,Engineering,68180.68
10592,Clark,Aiden,Research & Development,87179.28
12527,Clark,Karen,Customer Support,53291.58
10411,Nguyen,Ava,Research & Development,148119.05
13766,Walker,Robert,Research & Development,104987.15
3979,Jones,James,Research & Development,97465.15
7034,Martinez,Charlotte,Sales,67612.7
6424,Thompson,Barbara,IT,131878.31
15873,Smith,Jessica,Legal,54765.96
4158,Williams,Karen,Marketing,125498.39
4957,Lopez,Mia,Logistics,85353.24
2446,Young,Susan,Logistics,116875.96
12457,Nguyen,Karen,Finance,60823.1
2005,Anderson,Karen,IT,53460.82
8472,Martinez,William,Operations,87376.39
9095,Rodriguez,Harper,Research & Development,107127.07
970,White,Linda,Finance,86935.94
7942,Johnson,John,Legal,115618.3
10909,Harris,Patricia,Operations,33885.03
14153,Moore,Sophia,Logistics,95043.73
2402,Torres,James,Engineering,57345.13
1125,Hernandez,Elizabeth,Sales,101075.58
524,Young,Richard,Research & Development,63050.03
15706,Allen,Linda,Operations,133025.31
2498,Rodriguez,Mary,IT,87168.42
3948,Gonzalez,Jessica,Research & Development,84947.99
14518,Allen,Michael,Research & Development,140225.06
13196,Nguyen,Karen,Sales,99383.56
298,Taylor,David,Product Management,62432.3
3242,Robinson,Lucas,Engineering,112780.03
4335,Thompson,Patricia,Sales,108715.17
12153,Moore,Richard,Product Management,149643.48
12539,Moore,Joseph,Marketing,145546.01
13262,Jones,John,Marketing,82874.32
10577,King,Susan,IT,72345.55
11724,Martin,Emma,Legal,98382.57
13494,Nguyen,Harper,Operations,76743.39
3960,Davis,Aiden,Product Management,107703.13
15201,Hill,James,Engineering,73996.03
3520,Hernandez,Liam,Sales,135413.52
14806,Wilson,Elizabeth,Research & Development,131928.93
2621,Martinez,William,IT,77055.83
8663,Flores,John,Engineering,88613.86
5334,Walker,Barbara,Finance,84572.43
4455,Johnson,Elizabeth,Engineering,100405.51
1350,Gonzalez,Linda,Customer Support,129382.9
5541,Perez,Lucas,Marketing,81953.86
8828,White,Harper,IT,71517.35
12218,Anderson,Evelyn,Product Management,83908.05
12551,King,Ethan,Sales,64971.93
6313,Miller,Evelyn,Logistics,126338.96
9507,Nguyen,Sophia,Engineering,41278.4
11148,Hernandez,Harper,Human Resources,76354.48
8025,Nguyen,Jennifer,Sales,60062.92
12623,Nguyen,Sarah,Logistics,122185.65
15190,Hernandez,Charlotte,Operations,71524.22
9194,Hernandez,Patricia,Research & Development,97629.95
14433,Rodriguez,Michael,Research & Development,124717.57
13426,Garcia,Ethan,Finance,65638.66
8040,Thompson,William,Human Resources,83141.19
9356,Martin,Isabella,Product Management,148133.7
13001,Lopez,Jennifer,Human Resources,86315.16
14097,Smith,Michael,Product Management,125779.75
3873,Walker,Isabella,Finance,122198.9
13812,Davis,Harper,Engineering,55037.7
5375,Miller,Joseph,Human Resources,135208.23
2342,King,Evelyn,Legal,51892.48
540,Sanchez,Aiden,Logistics,149379.55
8584,Jackson,David,Legal,74644.71
13272,Nguyen,Linda,Legal,113289.24
4039,Lewis,William,Finance,138458.45
5046,Rodriguez,Jennifer,Product Management,70087.74
9047,Lewis,Joseph,Sales,44227.44
2499,Williams,Michael,Product Management,58309.25
5474,Wilson,Thomas,IT,130845.6
208,King,Richard,Engineering,33869.53
5599,Williams,Liam,Customer Support,49728.21
8174,Taylor,Mason,Product Management,142451.28
5193,Walker,Charlotte,Marketing,110730.25
6827,Gonzalez,James,Research & Development,31683.9
1056,Thompson,Thomas,Legal,41878.36
8017,Lopez,Evelyn,Customer Support,57136.58
6096,Clark,Isabella,Marketing,65094.64
6925,Hill,Aiden,Engineering,140915.46
1314,Thompson,Patricia,Product Management,127132.64
4981,Rodriguez,Ethan,Research & Development,64526.01
13695,Lopez,Mason,Logistics,140976.02
447,Scott,James,Marketing,113273.75
7141,Taylor,John,Product Management,35297.34
15432,Smith,Noah,Sales,59618.25
10873,Torres,Karen,Legal,125566.96
3602,Hernandez,Patricia,Operations,30196.32
2921,Hernandez,Liam,Finance,100639.6
596,Brown,Sophia,Research & Development,38017.85
8652,Nguyen,Isabella,Engineering,148564.56
218,Robinson,Lucas,Product Management,88295.83
760,Garcia,Susan,Engineering,97020.73
9430,Ramirez,Mary,Finance,123232.57
4591,Nguyen,Patricia,Finance,120488.55
7179,Jones,Jennifer,IT,91793.05
471,Brown,Patricia,Logistics,95266.58
4312,Hernandez,Evelyn,Logistics,67932.12
748,Davis,Ava,Legal,85478.98
557,Davis,Sophia,Operations,106360.99
3108,Hill,Joseph,Customer Support,70691.97
6657,Taylor,Emma,Marketing,30456.32
11038,Nguyen,Mary,Logistics,142468.91
3946,Lopez,Patricia,Legal,42593.28
6636,Moore,Joseph,Logistics,55434.44
1834,Thomas,Evelyn,Engineering,44516.55
1422,Thompson,Sophia,Engineering,115740.62
4809,Wright,Ava,Operations,128540.09
692,Wright,Karen,Finance,125878.1
11550,Wilson,John,Legal,118037.23
6499,King,Liam,Engineering,119506.85
6264,Wright,Charlotte,IT,105497.43
6287,Taylor,Karen,Human Resources,58228.92
10810,Rodriguez,Liam,Product Management,51096.45
11105,Nguyen,Michael,Legal,103601.08
15608,Clark,Mary,Finance,107362.09
15506,Walker,Emma,Legal,72863.16
10454,Torres,James,Finance,32755.4
12879,Hill,Richard,Customer Support,104486.78
7427,Johnson,Mia,Human Resources,39181.26
4536,Lee,Ethan,Legal,76972.55
3353,Brown,Charles,Human Resources,109303.63
448,Nguyen,Mia,Legal,76150.2
15593,Allen,William,Engineering,125108.39
5754,Torres,Robert,Product Management,47629.04
8315,Hill,Mary,Customer Support,72759.66
14938,Sanchez,Joseph,IT,129846.64
1892,Johnson,Ava,Finance,146816.79
549,Wilson,Patricia,Operations,73054.88
111,Lopez,Michael,IT,45043.16
7972,Torres,Sophia,Human Resources,65430.33
10826,Davis,Lucas,IT,46081.29
12506,Davis,Barbara,Customer Support,113259.4
957,Hill,Michael,Human Resources,44291.4
9975,Brown,Aiden,Logistics,107732.39
6018,Jackson,Amelia,Logistics,53368.12
10792,Perez,Susan,Operations,141969.57
15189,Hernandez,Liam,Research & Development,131251.68
2038,Perez,James,Finance,98873.31
2986,Moore,Robert,Research & Development,86403.77
14850,Perez,Elizabeth,Engineering,142719.45
13767,Sanchez,Charlotte,Logistics,31108.17
8873,Anderson,William,Logistics,147991.5
6752,Smith,Mason,Sales,132825.26
9864,Anderson,Linda,Human Resources,125505.67
10112,Anderson,Charlotte,Marketing,130395.34
10287,Sanchez,Robert,IT,50938.0
6990,Jones,Susan,IT,60079.05
4213,Johnson,Mia,Marketing,132875.88
5776,Flores,Patricia,Finance,88667.69
14436,Robinson,Ethan,Legal,50235.4
901,Anderson,Liam,IT,35520.79
15758,Wilson,Harper,Engineering,132204.29
4383,Taylor,Olivia,Human Resources,136855.72
9041,Robinson,Evelyn,Research & Development,42540.61
2164,Clark,Linda,Logistics,127239.54
9819,Williams,Linda,Customer Support,36508.34
5178,Walker,Joseph,Logistics,67785.28
9612,Robinson,Sarah,Research & Development,73847.04
10282,Lewis,Amelia,Engineering,37831.61
8148,Martin,Liam,Logistics,106722.67
13708,Rodriguez,Isabella,Product Management,77584.39
2548,King,Liam,Legal,110098.22
14696,Perez,Jennifer,Finance,116380.09
400,Anderson,Patricia,Sales,125550.92
14235,Scott,Karen,Operations,78479.67
15690,White,Mia,Operations,103554.42
4843,Torres,Michael,Engineering,147741.42
5555,Nguyen,Mason,Engineering,126651.07
8973,Martinez,Aiden,Sales,74775.1
10369,Lee,Emma,IT,82362.65
10987,Jones,Karen,Product Management,87309.86
10552,Walker,Charles,Operations,67102.16
10943,Wright,Evelyn,Operations,49873.64
6340,Rodriguez,Joseph,Sales,149391.28
11161,Hill,Harper,Product Management,56232.65
14986,Brown,Karen,IT,84679.74
12294,King,Robert,Finance,44224.89
10202,Garcia,Karen,Research & Development,105252.48
863,Wright,Amelia,IT,143255.52
11174,Rodriguez,Richard,Sales,143820.8
3559,Harris,David,Human Resources,139883.55
12445,Sanchez,Susan,Marketing,93061.57
10596,Ramirez,Evelyn,Engineering,101025.55
9908,Robinson,Karen,Legal,34131.17
24,Clark,Karen,Legal,49410.13
652,Thomas,Noah,Human Resources,38244.47
8833,Perez,Patricia,Engineering,127534.28
12782,Miller,Sophia,Marketing,65265.1
7739,Wright,Ava,Sales,127469.54
15168,Torres,William,Operations,99550.74
339,Thomas,James,Product Management,115314.31
7795,Walker,Elizabeth,Sales,54991.23
10746,Perez,Patricia,Engineering,87256.11
4151,Hill,Thomas,Product Management,119307.4
14049,Moore,Karen,Sales,123295.1
8159,Jones,Sophia,Human Resources,68481.37
6936,Smith,Linda,Sales,97706.61
14400,Rodriguez,William,Engineering,59035.69
21,Lewis,Emma,Marketing,133375.01
1578,Robinson,Linda,Product Management,34027.08
13563,Davis,Sarah,Customer Support,93250.59
4779,Williams,Lucas,Finance,127122.02
1303,Smith,Joseph,Logistics,76393.87
8621,Anderson,Evelyn,Finance,66269.72
1347,Thomas,Richard,Operations,119612.74
5813,Thomas,Amelia,Logistics,39252.78
8985,Moore,Aiden,Human Resources,104870.33
1306,Martin,Isabella,Human Resources,125581.93
4802,Hill,Ethan,Customer Support,78710.03
5343,Nguyen,Ethan,Product Management,48712.98
8868,Sanchez,Noah,Customer Support,120963.54
10330,Sanchez,Emma,Legal,92916.38
10711,Jackson,Lucas,Research & Development,112089.78
6047,Williams,Patricia,Operations,94074.66
408,Lopez,Robert,Logistics,125564.37
9969,Johnson,Isabella,Sales,124932.61
11361,Miller,Jessica,IT,54154.53
978,Nguyen,Noah,Research & Development,78576.81
4352,Garcia,Thomas,Logistics,118521.98
15637,Sanchez,Elizabeth,Sales,147135.96
13776,White,Richard,Sales,65333.9
7746,Anderson,Charles,Customer Support,73297.06
4613,Flores,Mia,Logistics,74402.4
1485,Torres,Evelyn,Finance,63373.77
5662,White,Susan,Sales,94479.39
10251,King,Emma,Engineering,113461.71
15900,Flores,Charlotte,IT,136600.96
14370,Thompson,Karen,Legal,81626.9
8791,Lopez,Isabella,Research & Development,104383.46
591,Williams,Richard,Engineering,32768.29
2653,Lewis,Noah,Human Resources,58592.42
6323,Miller,Charles,Legal,38774.67
3006,Flores,Richard,Marketing,67838.48
6230,Rodriguez,Lucas,IT,95839.3
6835,Sanchez,Susan,Logistics,66153.9
13846,Davis,Patricia,Marketing,33908.84
8079,Young,Mason,Product Management,148843.67
5505,Jackson,Karen,Operations,145541.12
2591,Lewis,Sarah,Human Resources,125870.46
15186,Smith,Sophia,Customer Support,39096.31
11753,Perez,Sarah,Engineering,93868.97
15589,Gonzalez,Thomas,Marketing,138600.07
14831,Thompson,Barbara,Operations,88672.72
3277,Taylor,Patricia,Product Management,94536.54
10020,Green,Michael,Logistics,142305.18
6383,Garcia,Noah,Legal,46736.21
11919,Flores,Liam,IT,73927.68
15501,Lopez,Joseph,Marketing,74267.91
4762,Torres,Charlotte,Operations,144388.53
5122,Wright,Mary,Logistics,147019.12
10696,Anderson,Mary,Marketing,123068.83
5113,Flores,Emma,Sales,144429.65
422,Anderson,Sarah,Product Management,62870.71
1072,Thomas,William,Legal,89601.57
11634,Lewis,Noah,Customer Support,143351.9
1838,Flores,Mia,Operations,93117.4
14105,King,David,IT,59343.88
2961,Gonzalez,John,Operations,33424.57
3418,King,John,Engineering,123085.47
8396,Torres,Ethan,Engineering,113417.85
3780,Hill,Thomas,Finance,107500.99
3803,Hernandez,Olivia,Marketing,137174.69
5913,Johnson,Jessica,IT,73497.71
1293,Wilson,Mason,IT,88873.7
14241,Torres,Harper,Logistics,131722.35
3448,Taylor,Mary,Operations,40967.13
9056,Allen,Charles,Operations,66884.59
9088,Green,Mason,Research & Development,34686.91
11083,Robinson,Lucas,Product Management,49016.44
12171,Moore,David,Product Management,79053.86
9536,Nguyen,Karen,IT,127599.78
566,Martin,Joseph,Marketing,34770.1
8911,Martin,William,Operations,116130.95
8258,Miller,Charles,Logistics,106753.38
7159,King,Sarah,Product Management,111424.6
10162,Ramirez,Harper,Finance,136346.7
6816,White,Mia,Human Resources,93631.46
14157,Scott,Karen,Marketing,82298.64
12279,Lewis,Charles,Legal,62918.46
5393,Lee,Noah,Finance,99549.98
10384,Jackson,Ethan,Marketing,64634.52
15951,Perez,Lucas,Marketing,102475.61
4259,Davis,Mary,Legal,70915.19
14248,Sanchez,William,Product Management,91848.15
14456,Lewis,Aiden,Logistics,34427.22
15586,Nguyen,Isabella,Legal,147180.2
8014,Flores,Amelia,Product Management,50840.09
10268,Lewis,Emma,Sales,52051.34
13965,Taylor,Sarah,Product Management,49669.91
2501,Sanchez,Mason,Logistics,100447.07
5504,King,Charlotte,Logistics,40149.14
8074,Rodriguez,Susan,Legal,80957.35
2795,Nguyen,Patricia,Human Resources,105603.04
12716,Rodriguez,Richard,Customer Support,60814.0
12820,Clark,Olivia,Operations,136234.2
14094,Lopez,Charlotte,Engineering,139884.96
9395,Lopez,Elizabeth,Operations,62394.73
9255,Johnson,Aiden,Human Resources,131149.37
1781,Robinson,Patricia,Human Resources,64107.56
9639,Perez,Charlotte,Human Resources,138861.89
754,Lewis,Harper,Marketing,105000.38
12827,Walker,Mia,Finance,57837.36
451,Miller,Michael,Product Management,133381.25
1318,Jackson,Aiden,Legal,143422.26
9307,Taylor,Ava,IT,109251.38
10108,Robinson,John,Human Resources,35381.37
14170,Martin,Ava,Product Management,92402.02
3885,Sanchez,Joseph,Marketing,104697.68
1315,Nguyen,Liam,Logistics,141598.47
1285,Green,Robert,IT,35218.08
9394,Green,Aiden,Sales,115719.69
15620,Hill,Evelyn,Human Resources,59964.16
15529,Taylor,Mary,Marketing,84549.26
11383,Green,Richard,Legal,43031.24
752,Jackson,Sophia,Operations,143967.33
14705,Clark,Isabella,Human Resources,37348.33
5845,Smith,Thomas,Sales,56073.68
10372,Sanchez,Joseph,Product Management,74662.03
13280,Williams,Lucas,Engineering,74232.92
3738,Garcia,Evelyn,Operations,63826.52
2278,Rodriguez,Lucas,Engineering,63166.39
1133,Walker,Richard,Legal,111145.81
1261,Lee,Michael,Product Management,102770.03
7123,Martinez,Emma,Logistics,129715.64
5603,Clark,Aiden,Human Resources,132216.53
9927,Young,Harper,IT,116582.51
3064,Brown,Susan,Customer Support,71763.74
3026,Hernandez,Liam,Finance,87544.3
2262,Scott,Joseph,Legal,64426.91
2932,Scott,Ethan,IT,89204.87
1172,Jones,Ethan,Research & Development,127157.47
818,Nguyen,Susan,Sales,130519.64
8102,Gonzalez,Jennifer,IT,80187.43
11848,Jackson,Isabella,Finance,40339.82
12132,Nguyen,Charlotte,IT,122969.79
7189,Williams,Jessica,Research & Development,144138.08
1556,Thomas,Robert,Marketing,94376.8
2670,Hill,Ethan,Operations,132341.0
7752,Hernandez,James,Research & Development,128110.75
14697,Walker,Amelia,Research & Development,84220.56
11688,Lewis,Amelia,Operations,137918.25
3031,Rodriguez,Amelia,Sales,75862.09
9638,Ramirez,Jennifer,IT,44303.35
5974,Harris,Isabella,Sales,84628.39
2120,Taylor,Richard,Research & Development,67363.15
8625,Allen,Amelia,Human Resources,71005.66
6344,Rodriguez,Patricia,Research & Development,82607.93
13298,Thompson,Evelyn,Logistics,46259.2
11525,Jackson,Olivia,Sales,111328.75
2477,Lopez,Patricia,IT,147542.45
14780,Lopez,Harper,Marketing,135785.58
13149,Scott,Patricia,Legal,136375.51
163,Jones,Susan,Product Management,65976.23
12332,Nguyen,Sarah,Research & Development,53315.15
15878,Perez,Lucas,Human Resources,61059.03
13743,Jones,Evelyn,Logistics,110201.55
5910,Martin,Jessica,Customer Support,113572.95
354,Green,Harper,IT,36611.89
9407,Thompson,David,IT,40298.79
9300,Lopez,Evelyn,Finance,36568.76
8440,Davis,Lucas,Finance,119934.37
8297,White,Jennifer,Sales,61746.93
1714,Lee,Linda,Marketing,86250.68
3274,Perez,Elizabeth,Human Resources,86297.79
5057,Lewis,Barbara,Logistics,101645.54
4541,Torres,William,Human Resources,134321.13
3192,Williams,Lucas,Human Resources,137087.27
82,Martinez,Charles,Operations,132661.22
12647,Allen,Michael,Finance,131845.14
8158,Johnson,Mia,Engineering,36928.25
14345,Brown,Charles,Finance,49049.83
3695,Ramirez,Sophia,Engineering,85724.6
1042,Allen,Emma,Human Resources,82221.66
10932,Lee,Robert,IT,86869.32
14411,Taylor,Elizabeth,Engineering,79976.1
4660,Flores,Aiden,Marketing,66418.1
7599,King,Sarah,Sales,100072.24
6597,Miller,Ava,Operations,143909.31
826,Ramirez,Evelyn,Product Management,37375.79
5770,Gonzalez,Evelyn,IT,49569.58
13551,Lewis,Patricia,Customer Support,140260.01
11265,Williams,Emma,Customer Support,68853.07
1960,Nguyen,Ava,Engineering,65351.99
13731,Wright,Mary,Product Management,134807.45
2248,Anderson,Sophia,Logistics,97628.85
3030,Jackson,Emma,IT,116493.87
15748,Anderson,Richard,Sales,95491.51
9746,Davis,Sophia,Engineering,104689.68
10625,King,John,Engineering,60594.99
6627,Brown,Liam,Operations,61014.38
664,Miller,James,Product Management,79182.17
8705,Martinez,Michael,IT,108198.06
15460,Moore,Lucas,Sales,56270.34
12260,Rodriguez,William,Research & Development,97333.69
14358,Harris,Jessica,Human Resources,97929.01
12545,Martin,James,Sales,69617.72
7498,Brown,Aiden,Research & Development,144016.03
11407,Wright,Lucas,Human Resources,63246.47
2045,Scott,Evelyn,Product Management,74843.6
15297,Lewis,Olivia,Marketing,108669.56
8603,Martinez,Isabella,Research & Development,118790.91
7534,Hernandez,Elizabeth,Human Resources,119865.56
10479,Thompson,Michael,IT,94213.77
10887,Garcia,Amelia,Product Management,55029.84
2482,Smith,Karen,Customer Support,107577.88
13097,Perez,Thomas,Customer Support,32091.92
10919,Thomas,David,Research & Development,82682.55
4795,Taylor,Michael,Legal,63470.57
12280,Brown,Joseph,Logistics,92915.62
5585,Lopez,Linda,Research & Development,114367.37
10230,Taylor,Charles,Logistics,128424.36
15575,Thomas,Harper,Engineering,81810.25
14948,Nguyen,Mia,Engineering,145875.99
2431,Flores,Evelyn,Customer Support,69509.17
811,Lee,Mason,IT,108492.77
4250,Moore,Sarah,Product Management,87663.48
3713,Hill,Linda,Operations,143155.8
14603,Hill,Charlotte,Operations,67183.61
14554,Martinez,Elizabeth,Human Resources,145456.48
8810,Flores,Evelyn,Finance,123737.74
8317,Miller,Sarah,Marketing,139787.96
7564,Anderson,Ava,Product Management,124952.8
6815,Wilson,Barbara,IT,83030.15
8222,White,Karen,IT,66058.3
4218,Perez,Jennifer,Logistics,90398.16
9548,Young,Thomas,Marketing,112191.22
7639,Ramirez,Liam,Marketing,78763.58
13824,Jones,Thomas,Marketing,67014.62
7814,Perez,Karen,IT,64814.85
5152,Walker,Aiden,Research & Development,51679.35
1170,Jones,Robert,Marketing,109656.37
13870,Lopez,Amelia,Operations,31717.02
10288,Walker,Karen,Marketing,146926.95
12859,Young,David,Sales,149471.17
2948,Hernandez,Patricia,Customer Support,87623.02
105,Allen,Emma,Marketing,116365.25
2714,Garcia,Elizabeth,Legal,86683.94
10113,Perez,Michael,Marketing,35138.91
12830,Clark,Barbara,Operations,54273.9
9477,Miller,Mia,Sales,69725.11
10361,Green,Jessica,Legal,148016.52
13609,Williams,Elizabeth,Sales,108785.16
1773,Martinez,Liam,Research & Development,137720.23
5288,Harris,Olivia,Research & Development,102652.95
8847,Perez,Barbara,Research & Development,45598.93
15526,Brown,David,Engineering,132894.33
1954,Sanchez,Harper,Product Management,44899.1
5917,Lewis,Olivia,Product Management,137681.65
15508,Thomas,Sophia,Engineering,42571.29
1917,Torres,Amelia,IT,41503.17
14560,Robinson,James,Marketing,148331.72
12469,Anderson,Barbara,Logistics,123289.61
4022,Thomas,Ava,Logistics,92881.74
14287,Ramirez,Mason,Product Management,148528.05
4784,Jackson,Harper,Engineering,135211.69
12611,Johnson,Liam,Operations,46309.53
15549,Martin,Emma,Sales,73056.16
11602,Nguyen,Aiden,Finance,129777.76
4094,Rodriguez,Thomas,Marketing,47806.55
12987,Wilson,James,Finance,42948.74
14403,Walker,Charles,Sales,121307.62
9645,Thompson,Michael,Engineering,64745.16
10802,Torres,John,Engineering,142363.87
2733,Gonzalez,Liam,Operations,90364.64
8835,Lee,David,Operations,113522.39
4080,Allen,Sarah,Legal,139593.17
1514,Perez,Mason,Product Management,87016.37
4441,Thomas,Karen,Legal,133042.9
11069,Wilson,Charles,Customer Support,105321.95
8780,Perez,Ethan,Marketing,85425.4
4484,Moore,Mia,Human Resources,63279.74
8212,Moore,William,Legal,63149.1
5413,Clark,Lucas,Finance,32335.16
5441,Lopez,Mia,Customer Support,78974.28
9055,Wright,Michael,Operations,72895.9
3103,Johnson,Sarah,Logistics,73228.26
2485,Martinez,Mia,Customer Support,90913.46
15169,Walker,Harper,Legal,56472.93
7322,Flores,Sophia,Human Resources,139576.5
12621,Nguyen,Susan,Legal,89285.5
6767,Gonzalez,Mason,Legal,95479.18
3588,Hernandez,Robert,Legal,146258.85
2536,Sanchez,Karen,Sales,141619.56
6608,Wilson,Sarah,Legal,99726.36
15540,Torres,Lucas,IT,134278.15
7492,Scott,Sarah,Operations,102486.26
6864,Perez,Harper,Customer Support,77498.9
5429,Anderson,James,Marketing,122512.72
6731,Hill,Elizabeth,Product Management,77791.44
9249,Lewis,Sarah,Sales,82330.68
2909,White,Karen,Legal,66545.29
1662,Jackson,Richard,Legal,144588.07
8583,Rodriguez,James,Operations,99235.77
2380,Nguyen,Ethan,Customer Support,139545.44
5471,King,Jennifer,Customer Support,143050.08
10925,Torres,James,Research & Development,141483.28
1981,Young,Sophia,Customer Support,81016.67
15134,Walker,Linda,Finance,32386.58
2787,Sanchez,Charlotte,IT,95807.42
3504,Wright,Linda,Logistics,53765.59
11478,Gonzalez,Ethan,Marketing,112706.25
14671,Allen,Harper,Engineering,107180.26
4884,Torres,Jessica,Operations,90776.81
8003,Thompson,Mason,Logistics,101942.84
3388,Gonzalez,Olivia,Research & Development,93508.39
13018,Thomas,Charles,Logistics,72032.61
13884,Perez,Harper,Sales,138500.55
7515,White,Thomas,IT,53886.31
6270,Martinez,David,Customer Support,117350.18
1665,Miller,Liam,Engineering,72270.23
13575,Thomas,James,Legal,106123.45
10134,Young,Amelia,Legal,30136.83
1167,White,Linda,Legal,143008.17
3105,Thompson,Jessica,IT,137125.38
4017,Miller,Jessica,Human Resources,129930.01
3583,Thomas,David,IT,147917.08
2798,Martin,Michael,IT,81702.27
6285,Taylor,David,Research & Development,127649.46
3729,Smith,James,Engineering,92282.49
6793,Scott,Noah,Product Management,52707.81
10084,Clark,Mason,Legal,81239.48
14424,Nguyen,Mason,Sales,57677.91
1007,Martinez,Liam,Human Resources,42093.35
4348,Sanchez,Lucas,IT,66594.09
3441,Allen,Ethan,Legal,95865.83
15097,King,James,Finance,86014.76
13159,Garcia,Elizabeth,Finance,99789.74
3631,Robinson,William,Legal,61444.18
15935,Wright,Joseph,Engineering,71180.37
13418,Lewis,Joseph,Finance,133715.3
6104,Perez,Barbara,Logistics,143905.8
9497,Wilson,Isabella,Marketing,119462.05
13775,Martinez,Evelyn,Logistics,72404.7
11268,Perez,Patricia,IT,74052.56
11544,Anderson,Charlotte,Legal,88649.11
3294,Walker,David,Operations,96544.99
13750,Wilson,Sophia,Human Resources,134523.84
12890,Robinson,Richard,Finance,129577.04
2505,Davis,Aiden,Marketing,55962.64
7935,Thompson,Mason,Engineering,119918.09
6149,King,Thomas,Operations,75444.42
7790,Allen,James,Human Resources,71895.45
2285,Johnson,Susan,Operations,132107.61
4607,White,Patricia,Research & Development,53160.81
1562,Perez,Mason,Sales,117036.85
4860,Martin,Ethan,Operations,140040.48
4901,Gonzalez,Linda,Customer Support,52195.16
13425,Ramirez,John,Logistics,123810.45
9204,Scott,Ethan,Engineering,49548.13
295,White,Amelia,Engineering,124546.82
11513,Jones,Jennifer,Finance,136495.97
14798,Lopez,Noah,Legal,125100.32
1175,Davis,Sarah,Customer Support,144337.51
13723,Brown,Jennifer,Operations,92508.81
2630,Taylor,Liam,Engineering,96532.88
13223,Green,Ethan,Sales,108412.01
15678,Lopez,Lucas,Legal,65123.69
12917,Hill,Harper,Product Management,117226.24
14829,Garcia,Robert,Sales,100555.99
6169,Anderson,Emma,Legal,82185.7
10813,Perez,Richard,Human Resources,122205.33
9379,Clark,Ethan,IT,72499.11
5551,Gonzalez,Ava,Operations,147847.23
11533,White,Karen,Sales,30261.67
7714,Young,Charlotte,Customer Support,148467.66
11280,Brown,Joseph,Sales,131283.16
8255,Lewis,Sarah,Finance,97264.94
15,Scott,Ava,Marketing,140231.24
4051,Clark,Mary,Legal,105226.77
1427,Harris,Patricia,Product Management,57059.94
3628,Moore,Harper,Marketing,46026.7
3833,Wilson,Sophia,Legal,97283.7
13567,Young,Sophia,Customer Support,92002.61
4599,Garcia,Susan,Finance,104756.42
1819,Smith,William,IT,144699.66
4467,Martin,Susan,Sales,39406.79
8626,Williams,Aiden,Engineering,102451.01
22,Garcia,William,Customer Support,112542.78
5795,White,Jennifer,IT,58343.02
7020,Moore,Ava,Customer Support,78648.87
11863,Davis,Michael,Product Management,120101.91
4475,Harris,Charlotte,Engineering,101773.49
2360,Garcia,Thomas,Research & Development,57251.3
7121,Young,Sarah,Logistics,129441.28
8267,Taylor,Mary,IT,125308.27
15035,Taylor,Aiden,Research & Development,88026.71
15118,Davis,Aiden,Legal,104556.3
7314,Scott,Noah,Logistics,100575.78
10475,White,Joseph,Legal,92994.94
6131,Young,Karen,Marketing,61994.77
5039,Hernandez,Joseph,Operations,91559.78
14878,Allen,Lucas,IT,55166.86
1590,Garcia,Linda,Customer Support,127771.95
3940,Hill,Elizabeth,Legal,100166.8
4508,Martin,Amelia,Finance,48091.19
8049,Smith,Karen,IT,84140.21
12195,Smith,Olivia,Product Management,62312.29
10542,Taylor,Patricia,Logistics,31834.5
6734,Gonzalez,John,Customer Support,40962.28
6025,Jones,Richard,Legal,47831.99
5878,Torres,Emma,Legal,143122.94
7052,Torres,Emma,Customer Support,78488.25
12823,Thomas,Charles,Legal,144376.91
8366,Taylor,Karen,Operations,125599.45
9741,Flores,Liam,Logistics,30957.05
13605,Torres,Aiden,Customer Support,116673.02
2643,Thomas,Olivia,Legal,102668.18
13496,Hill,Mia,Marketing,136381.61
15645,Martin,Ethan,Engineering,54199.03
8690,Miller,Emma,Legal,149833.87
6567,Flores,Ethan,Logistics,32898.44
3446,Young,Patricia,IT,68147.87
9445,Perez,Barbara,Legal,51119.88
7288,White,Jessica,Engineering,131916.55
10354,Young,Evelyn,Product Management,69163.97
6023,Anderson,Michael,Sales,146417.15
5049,Lee,Joseph,Research & Development,98984.08
11881,Allen,Emma,Logistics,92943.75
10293,Wright,Mason,Customer Support,116283.91
10842,Anderson,Thomas,Research & Development,94436.78
14754,Wilson,Jennifer,Finance,112761.11
11172,Allen,Mia,Finance,142323.6
14751,Williams,Richard,Legal,41278.72
10560,Nguyen,Charles,Operations,90094.36
5584,Johnson,Susan,Human Resources,35739.3
261,Taylor,Jennifer,Product Management,105635.46
8883,Anderson,David,Engineering,80519.49
15019,Lewis,Liam,IT,81351.0
10724,Hernandez,Charles,Operations,32157.8
2187,Nguyen,Michael,Logistics,106510.86
14717,Jones,Olivia,IT,72250.78
12038,Ramirez,Emma,Marketing,87828.43
4460,Taylor,Lucas,Sales,118522.61
13863,Davis,Mary,Logistics,119725.92
3246,Gonzalez,Charlotte,Marketing,91384.49
14924,Robinson,Harper,Product Management,90358.41
6635,Williams,Linda,Product Management,93584.61
14825,Nguyen,Olivia,Legal,46295.09
2162,Brown,Robert,Marketing,146293.99
15069,Wright,Susan,Product Management,142468.08
4675,Smith,Robert,IT,74983.1
5800,Moore,Emma,Engineering,90199.43
1441,Harris,Liam,Marketing,77472.29
1551,Thomas,Charles,Operations,92547.56
900,Miller,Amelia,Customer Support,65932.98
9541,Flores,Jennifer,Engineering,53501.77
1006,Moore,Evelyn,Research & Development,49861.45
12734,King,William,Finance,35544.56
5711,Robinson,Charlotte,Marketing,87447.05
10151,Thompson,Sarah,Research & Development,144167.31
11851,Wright,Emma,Finance,97685.1
14120,Anderson,Susan,Engineering,39029.61
5759,Green,David,Logistics,100305.59
8144,Davis,Michael,Logistics,101836.57
9722,Wright,Amelia,Operations,115860.49
14216,Thomas,Susan,Logistics,59629.0
15383,Williams,Ethan,Sales,113825.35
13636,Garcia,William,Customer Support,99747.0
8682,Scott,Joseph,Finance,36718.6
13909,Scott,Linda,Research & Development,130899.92
11021,Perez,Susan,Logistics,68778.77
9213,Martinez,Barbara,Engineering,31962.09
14219,Allen,Patricia,Customer Support,75460.21
5920,Young,Barbara,Research & Development,105015.59
10927,Davis,Jennifer,Customer Support,38208.8
1124,Wright,David,Finance,92370.25
9991,Perez,Olivia,Finance,128680.15
1302,Anderson,Elizabeth,Operations,76267.08
4624,Nguyen,Michael,IT,86362.76
10754,Brown,Susan,Product Management,96057.32
5509,Sanchez,Patricia,Customer Support,30485.82
9740,White,Karen,Legal,87540.11
9153,Rodriguez,Patricia,Legal,114630.36
7847,Garcia,Amelia,Human Resources,43527.56
3339,Wright,Charlotte,Customer Support,87432.61
6429,King,Aiden,Human Resources,138519.9
5281,King,Evelyn,Marketing,114686.27
2578,Martinez,William,Finance,37555.47
3812,Hill,Lucas,Marketing,32549.8
3062,Scott,Jennifer,Research & Development,46884.44
5556,Wilson,David,Research & Development,126656.98
11500,Brown,Jessica,Sales,43346.28
11597,Lewis,Sarah,Marketing,68834.76
1867,Jackson,Sarah,Human Resources,60865.42
5191,Johnson,Karen,Sales,126344.83
1100,Jones,Charlotte,Human Resources,117396.89
7437,Allen,Michael,Marketing,38492.48
10518,Flores,Olivia,Operations,109346.4
13888,Allen,Ava,Research & Development,107594.24
5189,Wright,Mason,Finance,134736.62
4563,Nguyen,Noah,Operations,129721.1
15366,White,Joseph,Product Management,68254.54
363,Lopez,Richard,Operations,98574.14
5677,Hernandez,Joseph,Legal,60219.79
10423,Hernandez,Jennifer,Customer Support,73688.61
13970,Miller,Amelia,IT,101418.5
10267,Martinez,Patricia,IT,86109.1
14374,Jackson,Sophia,Legal,122783.68
15761,White,Mia,Engineering,50980.25
1741,Clark,Charlotte,Legal,70010.25
1271,Thompson,Amelia,Engineering,85158.6
2282,Davis,Aiden,Research & Development,57564.39
6412,Lopez,Charlotte,Sales,116380.72
10789,Lopez,Mia,IT,95265.23
8575,Hernandez,Linda,Logistics,67068.98
7354,Brown,Michael,Marketing,33694.05
8209,Miller,Robert,Engineering,134463.1
9466,Sanchez,Robert,Research & Development,147437.85
1009,Robinson,Mary,Finance,141822.56
15708,Anderson,Richard,Human Resources,65516.85
192,Anderson,Isabella,Marketing,135381.58
11973,Thompson,Elizabeth,Operations,141174.6
12771,Ramirez,Susan,Logistics,118651.47
15406,Clark,James,Research & Development,37749.36
7459,Walker,Elizabeth,Sales,113715.91
4955,Thomas,Harper,Marketing,41074.56
5767,Williams,Jennifer,Engineering,67489.35
490,Allen,Amelia,Finance,145808.99
833,Taylor,Barbara,Product Management,110591.94
9981,Walker,Isabella,Operations,30656.82
967,Hernandez,Charlotte,Operations,127625.71
5634,Hill,Ethan,Sales,70543.07
898,Thompson,Noah,Engineering,58390.32
15426,Miller,Thomas,IT,139643.2
7172,Miller,Lucas,Customer Support,61846.26
3190,Perez,Emma,Human Resources,129945.1
13275,Ramirez,Robert,Customer Support,149041.64
7943,Lopez,Jennifer,Customer Support,107375.13
2033,Jones,Liam,Legal,98770.06
8181,Taylor,Elizabeth,Sales,137939.21
4011,Wilson,James,Finance,118934.38
3179,Thomas,Mia,IT,123102.22
8573,Thomas,Evelyn,Sales,120048.36
14084,Jones,Ava,Legal,134611.4
8928,King,Charlotte,Operations,112481.83
15591,Harris,Karen,IT,72579.68
6326,Brown,Mia,Finance,100963.26
11670,Harris,Jessica,Sales,112048.06
4418,Wright,Harper,Customer Support,56107.1
14844,Flores,Mason,Human Resources,85700.18
11324,Green,William,Customer Support,45413.89
5659,Sanchez,Emma,Logistics,104881.74
8501,Brown,Michael,Logistics,71808.75
8915,Nguyen,Mia,Human Resources,115833.32
11414,Walker,Aiden,Legal,38410.79
6585,Lopez,Ava,Marketing,67075.23
8684,Green,Olivia,Human Resources,142314.26
1230,Perez,Mason,Human Resources,146314.46
2304,Torres,Liam,Operations,64803.33
13627,Martinez,Thomas,Finance,54108.8
407,Hill,Liam,Research & Development,30829.66
11145,Harris,Michael,Legal,30591.35
10368,Hernandez,Mason,Human Resources,97773.26
1378,Young,Barbara,Marketing,45649.78
3337,Smith,Susan,Legal,127526.35
11613,Davis,Sarah,Sales,54810.49
10770,Thompson,Mason,IT,64793.57
571,Gonzalez,Evelyn,Finance,128858.18
9724,Lopez,Harper,Marketing,97864.19
5778,Nguyen,Aiden,Customer Support,97003.94
1164,Scott,Thomas,Human Resources,138684.06
14840,Martin,Mary,Product Management,145763.19
2849,Lee,Amelia,Finance,113911.06
6191,Nguyen,Ava,Research & Development,102876.37
2289,Hernandez,Susan,Product Management,100106.1
488,Taylor,William,Research & Development,131520.52
14925,Garcia,Lucas,Engineering,44763.86
5666,Ramirez,Jessica,Finance,53413.82
1189,Gonzalez,Karen,Finance,110628.52
7627,Martinez,Evelyn,Marketing,145337.91
1123,Lewis,Patricia,Sales,129736.83
8306,Williams,Jessica,Logistics,97471.64
15792,Ramirez,Richard,Logistics,118862.63
6160,Wilson,Susan,Product Management,82314.85
12020,Anderson,Ethan,IT,97206.49
11257,Anderson,Amelia,Research & Development,91558.77
14797,Rodriguez,Robert,Operations,120961.92
7111,King,Karen,Operations,107142.73
6916,Thomas,Liam,Finance,110879.65
12436,Flores,Liam,Customer Support,40695.49
7315,Torres,Sarah,Sales,91636.63
3279,Davis,Charles,Legal,30875.45
1130,Torres,Ethan,Customer Support,53761.18
13858,Lopez,Barbara,Sales,58828.45
530,Lewis,Jessica,Human Resources,140412.94
9708,Scott,Robert,Engineering,81499.87
5195,Thompson,Aiden,Logistics,63492.32
13629,Lee,Jennifer,Human Resources,118402.93
12952,Lopez,Lucas,Human Resources,60494.2
15716,Clark,Ava,Finance,77287.13
2540,Garcia,Aiden,Product Management,92790.43
7651,King,Michael,Engineering,34818.75
859,Ramirez,Isabella,Sales,114801.2
3044,Martin,Richard,Finance,117558.82
425,Miller,Mason,Research & Development,82914.39
5596,Gonzalez,Robert,Product Management,77670.59
2910,Walker,John,Customer Support,49203.17
15673,Wright,Liam,Customer Support,144769.53
8363,Smith,Susan,Marketing,140970.21
1104,Taylor,Olivia,Engineering,36540.64
3534,Allen,Jennifer,Logistics,54186.24
8431,Sanchez,Mary,Research & Development,38315.43
12640,Williams,Harper,Finance,143346.19
8913,Thompson,Olivia,Product Management,93257.07
3479,Wilson,Thomas,Logistics,137817.13
14774,Martin,Mary,Product Management,106829.51
10236,Jackson,William,Marketing,114773.12
3069,Martinez,Emma,Product Management,77309.97
7080,Taylor,Lucas,Logistics,75354.1
15975,Wilson,Ethan,Legal,83383.64
8713,Ramirez,Robert,Research & Development,124341.36
2748,Gonzalez,Charles,Engineering,116208.78
12768,Martin,Mary,Sales,59327.02
10438,Anderson,Linda,Logistics,56532.58
3893,Martin,Liam,Product Management,107560.57
14580,Garcia,John,Customer Support,57632.18
5266,Wright,Olivia,Finance,113020.59
10913,Moore,Richard,Legal,45301.7
8098,Clark,Harper,Human Resources,75816.92
102,Lee,Isabella,Customer Support,43991.11
14460,Smith,Patricia,IT,69096.47
2541,Jones,Mason,Engineering,93282.67
12399,Smith,Aiden,IT,120649.66
1836,Green,Karen,Sales,36157.66
9672,Miller,Emma,Human Resources,47624.94
1443,Thompson,Linda,Research & Development,138389.51
14056,Harris,Amelia,Customer Support,58818.1
5707,Nguyen,Sarah,Marketing,43210.56
10195,Martinez,Charlotte,Customer Support,33185.06
3572,Jones,Mary,Customer Support,132582.82
9038,Allen,Charlotte,Marketing,95861.62
6922,Wilson,Harper,Human Resources,112523.0
8932,Brown,Harper,IT,43062.71
3651,Smith,Mason,Logistics,81929.88
3785,Gonzalez,Harper,Customer Support,43317.04
10206,Miller,William,Finance,67356.44
8537,Davis,Elizabeth,Logistics,63634.74
10627,Flores,Olivia,Logistics,75335.24
13300,Harris,James,Product Management,117872.61
12322,Scott,Lucas,Product Management,127010.23
9528,Perez,Patricia,IT,72191.24
15691,Sanchez,Liam,Human Resources,55464.19
7688,Young,Thomas,Human Resources,36274.77
15729,White,John,Legal,136561.99
7878,Martinez,William,Customer Support,128491.58
8804,Garcia,William,Marketing,42683.63
574,Lee,Ethan,Sales,70575.88
9111,Johnson,Charles,Operations,39499.64
6688,Moore,Harper,Finance,95937.66
2572,Thompson,Sophia,Logistics,49312.02
5245,Nguyen,Michael,Operations,93230.59
4273,Nguyen,James,Product Management,139584.76
14586,Jackson,Aiden,Sales,148402.94
5029,Taylor,David,Operations,139570.58
4060,Wright,Barbara,Logistics,107456.45
188,Lopez,Sophia,IT,102100.12
465,Sanchez,Charlotte,Legal,90315.63
1205,Ramirez,Karen,Logistics,62604.85
11738,Miller,Ava,Logistics,135333.69
6463,Hernandez,James,Customer Support,82878.79
9131,Torres,Noah,Research & Development,71718.52
3011,Jones,Jennifer,Sales,105831.93
4786,Jones,Jessica,Sales,112787.97
13122,Johnson,Sophia,Legal,76636.71
6822,Green,Mia,Customer Support,98261.05
4001,Hill,Harper,Customer Support,145212.34
693,Hernandez,Susan,Customer Support,146462.37
14322,Davis,Charlotte,Human Resources,115349.3
9624,Moore,Richard,Product Management,78734.52
6384,Wright,Jessica,Research & Development,148700.73
14016,Allen,Noah,Research & Development,136140.89
2668,Rodriguez,Noah,IT,37752.69
6354,White,Patricia,Product Management,94493.48
6284,Anderson,Aiden,Product Management,82514.05
7469,Ramirez,Amelia,Finance,61718.34
13119,Young,Richard,Research & Development,116688.39
12817,Smith,Isabella,Human Resources,114586.63
14915,Torres,Lucas,Engineering,114629.69
4490,Hernandez,Barbara,Logistics,77198.61
8858,Johnson,Karen,Engineering,123696.04
12543,Allen,Charles,Research & Development,70070.27
10708,Harris,Jennifer,Human Resources,53831.46
15215,Young,Ava,IT,40728.16
4963,Ramirez,Thomas,Logistics,135876.84
7652,Thomas,Patricia,Customer Support,75538.61
972,Garcia,Joseph,Operations,53197.65
7049,Wilson,Charlotte,Sales,132831.87
5777,Thompson,William,Customer Support,108660.06
12317,Martinez,Mason,Human Resources,106007.57
15289,Sanchez,James,Research & Development,49838.81
6669,Martinez,Aiden,Marketing,126500.78
9310,Hill,Mary,Finance,137742.99
7264,Garcia,Jennifer,Sales,58399.67
9416,Rodriguez,Sarah,Sales,99786.34
631,Lee,David,Sales,134803.05
14091,Taylor,Elizabeth,Engineering,79676.95
5257,Young,Karen,Legal,64381.18
6185,Williams,Elizabeth,Customer Support,123635.1
15429,Taylor,William,Finance,97673.9
12921,Williams,Jessica,IT,49335.64
3376,Thomas,Olivia,Customer Support,83924.31
4626,Anderson,Harper,IT,97297.75
14538,Thomas,Jennifer,Engineering,104522.78
12923,Martin,Jennifer,Human Resources,36797.58
4636,Taylor,Evelyn,Operations,131780.26
1640,Wilson,Patricia,Customer Support,135132.7
8587,Davis,Mason,Finance,72095.38
13635,Scott,Ava,Customer Support,135606.02
9012,Wright,Richard,Legal,61211.04
14742,Martin,Jessica,Human Resources,58597.06
4872,Hill,Isabella,Marketing,30260.19
11465,Harris,Jessica,Human Resources,62341.16
10511,Walker,Karen,Customer Support,40096.06
7767,Rodriguez,Charlotte,IT,34235.68
11195,Martinez,Olivia,Logistics,32188.14
12022,Thompson,Ethan,IT,32701.15
6730,Lewis,Sophia,Operations,82331.51
12311,Gonzalez,Susan,Engineering,147621.1
1686,Lewis,Aiden,Finance,67930.19
5582,Miller,Elizabeth,Logistics,123799.98
1913,Rodriguez,Sophia,Legal,102334.63
8376,Johnson,Barbara,Finance,65141.76
11114,Green,Robert,Operations,123277.18
11442,Thompson,Ava,Legal,103061.37
10700,Ramirez,Mary,Legal,78347.35
15655,Hernandez,Susan,Human Resources,126342.35
1381,Clark,Karen,Finance,91260.25
15041,Robinson,Charles,Product Management,49494.08
6898,Wright,James,Research & Development,64323.14
9190,Scott,William,Product Management,128654.69
9503,Davis,Jessica,Engineering,48321.99
1341,Lee,Aiden,IT,77840.26
6663,Clark,Aiden,Operations,100687.68
1895,Hill,Emma,Research & Development,30829.72
3396,Miller,James,Engineering,99950.44
1724,Green,Jennifer,Human Resources,80801.0
15905,Hill,Barbara,Customer Support,113049.37
528,Martin,Barbara,Research & Development,98605.62
